\c test;
\set ON_ERROR_STOP true
INSERT INTO users (user_id, name, bio, password) VALUES ('bailey97','Marie Bailey','Sadipscing legere ea elaboraret eu usu ea diam .','wp5CGbFaiDxd');
INSERT INTO users (user_id, name, bio, password) VALUES ('freema6','James Freeman','Sadipscing legere ea elaboraret eu usu ea diam .','wp5CGbFaiDxd');
INSERT INTO users (user_id, name, bio, password) VALUES ('barnes54','Peter Barnes','Sadipscing legere ea elaboraret eu usu ea diam .','wp5CGbFaiDxd');
INSERT INTO users (user_id, name, bio, password) VALUES ('thomas47','Raymond Thomas','Sadipscing legere ea elaboraret eu usu ea diam .','wp5CGbFaiDxd');
INSERT INTO users (user_id, name, bio, password) VALUES ('lopez60','Anna Lopez','Sadipscing legere ea elaboraret eu usu ea diam .','wp5CGbFaiDxd');
INSERT INTO users (user_id, name, bio, password) VALUES ('wallac8','Robert Wallace','Sadipscing legere ea elaboraret eu usu ea diam .','wp5CGbFaiDxd');
INSERT INTO users (user_id, name, bio, password) VALUES ('perry58','Anthony Perry','Sadipscing legere ea elaboraret eu usu ea diam .','wp5CGbFaiDxd');
INSERT INTO users (user_id, name, bio, password) VALUES ('robins27','Laura Robinson','Sadipscing legere ea elaboraret eu usu ea diam .','wp5CGbFaiDxd');
INSERT INTO users (user_id, name, bio, password) VALUES ('martin56','Paul Martin','Sadipscing legere ea elaboraret eu usu ea diam .','wp5CGbFaiDxd');
INSERT INTO users (user_id, name, bio, password) VALUES ('ward65','John Ward','Sadipscing legere ea elaboraret eu usu ea diam .','wp5CGbFaiDxd');
INSERT INTO users (user_id, name, bio, password) VALUES ('gonzal82','Michael Gonzalez','Dolor cum ipsum iudico sit elaboraret tamquam .','NvRYj4qj0SXBe');
INSERT INTO users (user_id, name, bio, password) VALUES ('lee29','Kathleen Lee','Dolor cum ipsum iudico sit elaboraret tamquam .','NvRYj4qj0SXBe');
INSERT INTO users (user_id, name, bio, password) VALUES ('tucker12','Barbara Tucker','Dolor cum ipsum iudico sit elaboraret tamquam .','NvRYj4qj0SXBe');
INSERT INTO users (user_id, name, bio, password) VALUES ('reynol18','Barbara Reynolds','Dolor cum ipsum iudico sit elaboraret tamquam .','NvRYj4qj0SXBe');
INSERT INTO users (user_id, name, bio, password) VALUES ('sanche44','Michael Sanchez','Dolor cum ipsum iudico sit elaboraret tamquam .','NvRYj4qj0SXBe');
INSERT INTO users (user_id, name, bio, password) VALUES ('campbe12','Lisa Campbell','Dolor cum ipsum iudico sit elaboraret tamquam .','NvRYj4qj0SXBe');
INSERT INTO users (user_id, name, bio, password) VALUES ('cox53','Dennis Cox','Dolor cum ipsum iudico sit elaboraret tamquam .','NvRYj4qj0SXBe');
INSERT INTO users (user_id, name, bio, password) VALUES ('cox83','Virginia Cox','Dolor cum ipsum iudico sit elaboraret tamquam .','NvRYj4qj0SXBe');
INSERT INTO users (user_id, name, bio, password) VALUES ('marsha49','Dennis Marshall','Dolor cum ipsum iudico sit elaboraret tamquam .','NvRYj4qj0SXBe');
INSERT INTO users (user_id, name, bio, password) VALUES ('sulliv82','Gary Sullivan','Dolor cum ipsum iudico sit elaboraret tamquam .','NvRYj4qj0SXBe');
INSERT INTO users (user_id, name, bio, password) VALUES ('steven53','Ronald Stevens','Ullamcorper usu legere offendit ius eos soluta .','aPNUjnATmZ');
INSERT INTO users (user_id, name, bio, password) VALUES ('green50','David Green','Ullamcorper usu legere offendit ius eos soluta .','aPNUjnATmZ');
INSERT INTO users (user_id, name, bio, password) VALUES ('bell78','David Bell','Ullamcorper usu legere offendit ius eos soluta .','aPNUjnATmZ');
INSERT INTO users (user_id, name, bio, password) VALUES ('rogers55','Elizabeth Rogers','Ullamcorper usu legere offendit ius eos soluta .','aPNUjnATmZ');
INSERT INTO users (user_id, name, bio, password) VALUES ('marsha33','Angela Marshall','Ullamcorper usu legere offendit ius eos soluta .','aPNUjnATmZ');
INSERT INTO users (user_id, name, bio, password) VALUES ('jordan13','Frank Jordan','Ullamcorper usu legere offendit ius eos soluta .','aPNUjnATmZ');
INSERT INTO users (user_id, name, bio, password) VALUES ('gibson63','Kevin Gibson','Ullamcorper usu legere offendit ius eos soluta .','aPNUjnATmZ');
INSERT INTO users (user_id, name, bio, password) VALUES ('bryant93','Donna Bryant','Ullamcorper usu legere offendit ius eos soluta .','aPNUjnATmZ');
INSERT INTO users (user_id, name, bio, password) VALUES ('barnes85','Paul Barnes','Ullamcorper usu legere offendit ius eos soluta .','aPNUjnATmZ');
INSERT INTO users (user_id, name, bio, password) VALUES ('west7','Margaret West','Ullamcorper usu legere offendit ius eos soluta .','aPNUjnATmZ');
INSERT INTO users (user_id, name, bio, password) VALUES ('jackso68','Martha Jackson','Vel ei cum eos nemore elaboraret cum reprehendunt modus ex .','POXSOgwXei4K');
INSERT INTO users (user_id, name, bio, password) VALUES ('reed48','Kenneth Reed','Vel ei cum eos nemore elaboraret cum reprehendunt modus ex .','POXSOgwXei4K');
INSERT INTO users (user_id, name, bio, password) VALUES ('gonzal40','Debra Gonzalez','Vel ei cum eos nemore elaboraret cum reprehendunt modus ex .','POXSOgwXei4K');
INSERT INTO users (user_id, name, bio, password) VALUES ('stewar48','Thomas Stewart','Vel ei cum eos nemore elaboraret cum reprehendunt modus ex .','POXSOgwXei4K');
INSERT INTO users (user_id, name, bio, password) VALUES ('alexan28','Donald Alexander','Vel ei cum eos nemore elaboraret cum reprehendunt modus ex .','POXSOgwXei4K');
INSERT INTO users (user_id, name, bio, password) VALUES ('wilson37','Sharon Wilson','Vel ei cum eos nemore elaboraret cum reprehendunt modus ex .','POXSOgwXei4K');
INSERT INTO users (user_id, name, bio, password) VALUES ('bailey60','Walter Bailey','Vel ei cum eos nemore elaboraret cum reprehendunt modus ex .','POXSOgwXei4K');
INSERT INTO users (user_id, name, bio, password) VALUES ('lewis20','Joshua Lewis','Vel ei cum eos nemore elaboraret cum reprehendunt modus ex .','POXSOgwXei4K');
INSERT INTO users (user_id, name, bio, password) VALUES ('taylor52','Brian Taylor','Vel ei cum eos nemore elaboraret cum reprehendunt modus ex .','POXSOgwXei4K');
INSERT INTO users (user_id, name, bio, password) VALUES ('bell93','Betty Bell','Vel ei cum eos nemore elaboraret cum reprehendunt modus ex .','POXSOgwXei4K');
INSERT INTO users (user_id, name, bio, password) VALUES ('hender52','Ruth Henderson','Eu soluta nemore tamquam sea legere ut enim .','uIkE66iHMj6pkF');
INSERT INTO users (user_id, name, bio, password) VALUES ('philli6','Anthony Phillips','Eu soluta nemore tamquam sea legere ut enim .','uIkE66iHMj6pkF');
INSERT INTO users (user_id, name, bio, password) VALUES ('adams76','Ronald Adams','Eu soluta nemore tamquam sea legere ut enim .','uIkE66iHMj6pkF');
INSERT INTO users (user_id, name, bio, password) VALUES ('barnes30','Gregory Barnes','Eu soluta nemore tamquam sea legere ut enim .','uIkE66iHMj6pkF');
INSERT INTO users (user_id, name, bio, password) VALUES ('owens70','Scott Owens','Eu soluta nemore tamquam sea legere ut enim .','uIkE66iHMj6pkF');
INSERT INTO users (user_id, name, bio, password) VALUES ('martin91','Kenneth Martinez','Eu soluta nemore tamquam sea legere ut enim .','uIkE66iHMj6pkF');
INSERT INTO users (user_id, name, bio, password) VALUES ('davis22','Robert Davis','Eu soluta nemore tamquam sea legere ut enim .','uIkE66iHMj6pkF');
INSERT INTO users (user_id, name, bio, password) VALUES ('hicks50','Catherine Hicks','Eu soluta nemore tamquam sea legere ut enim .','uIkE66iHMj6pkF');
INSERT INTO users (user_id, name, bio, password) VALUES ('henry65','Raymond Henry','Eu soluta nemore tamquam sea legere ut enim .','uIkE66iHMj6pkF');
INSERT INTO users (user_id, name, bio, password) VALUES ('murphy81','Donna Murphy','Eu soluta nemore tamquam sea legere ut enim .','uIkE66iHMj6pkF');
INSERT INTO users (user_id, name, bio, password) VALUES ('webb68','Nancy Webb','Ut cum in eu everti lorem diam .','9MTFi4Od4');
INSERT INTO users (user_id, name, bio, password) VALUES ('butler65','Anna Butler','Ut cum in eu everti lorem diam .','9MTFi4Od4');
INSERT INTO users (user_id, name, bio, password) VALUES ('hender69','Stephanie Henderson','Ut cum in eu everti lorem diam .','9MTFi4Od4');
INSERT INTO users (user_id, name, bio, password) VALUES ('wright80','David Wright','Ut cum in eu everti lorem diam .','9MTFi4Od4');
INSERT INTO users (user_id, name, bio, password) VALUES ('parker87','Rebecca Parker','Ut cum in eu everti lorem diam .','9MTFi4Od4');
INSERT INTO users (user_id, name, bio, password) VALUES ('foster36','Peter Foster','Ut cum in eu everti lorem diam .','9MTFi4Od4');
INSERT INTO users (user_id, name, bio, password) VALUES ('torres37','Nancy Torres','Ut cum in eu everti lorem diam .','9MTFi4Od4');
INSERT INTO users (user_id, name, bio, password) VALUES ('rivera17','Mary Rivera','Ut cum in eu everti lorem diam .','9MTFi4Od4');
INSERT INTO users (user_id, name, bio, password) VALUES ('carter64','Richard Carter','Ut cum in eu everti lorem diam .','9MTFi4Od4');
INSERT INTO users (user_id, name, bio, password) VALUES ('robins21','Carolyn Robinson','Ut cum in eu everti lorem diam .','9MTFi4Od4');
INSERT INTO users (user_id, name, bio, password) VALUES ('thomps87','Frances Thompson','Usu tamquam cum legere reprehendunt erant elaboraret .','XxgP0ZhWEHiVoR');
INSERT INTO users (user_id, name, bio, password) VALUES ('gibson17','Michelle Gibson','Usu tamquam cum legere reprehendunt erant elaboraret .','XxgP0ZhWEHiVoR');
INSERT INTO users (user_id, name, bio, password) VALUES ('ross95','Ruth Ross','Usu tamquam cum legere reprehendunt erant elaboraret .','XxgP0ZhWEHiVoR');
INSERT INTO users (user_id, name, bio, password) VALUES ('turner59','Ruth Turner','Usu tamquam cum legere reprehendunt erant elaboraret .','XxgP0ZhWEHiVoR');
INSERT INTO users (user_id, name, bio, password) VALUES ('webb85','Kevin Webb','Usu tamquam cum legere reprehendunt erant elaboraret .','XxgP0ZhWEHiVoR');
INSERT INTO users (user_id, name, bio, password) VALUES ('patter53','Melissa Patterson','Usu tamquam cum legere reprehendunt erant elaboraret .','XxgP0ZhWEHiVoR');
INSERT INTO users (user_id, name, bio, password) VALUES ('freema76','Sandra Freeman','Usu tamquam cum legere reprehendunt erant elaboraret .','XxgP0ZhWEHiVoR');
INSERT INTO users (user_id, name, bio, password) VALUES ('hunter59','Walter Hunter','Usu tamquam cum legere reprehendunt erant elaboraret .','XxgP0ZhWEHiVoR');
INSERT INTO users (user_id, name, bio, password) VALUES ('reed83','Scott Reed','Usu tamquam cum legere reprehendunt erant elaboraret .','XxgP0ZhWEHiVoR');
INSERT INTO users (user_id, name, bio, password) VALUES ('baker51','Mark Baker','Usu tamquam cum legere reprehendunt erant elaboraret .','XxgP0ZhWEHiVoR');
INSERT INTO users (user_id, name, bio, password) VALUES ('robert34','Carolyn Roberts','Usu qui ea brute usu offendit .','R5Lj5mCBFuq3yQEp');
INSERT INTO users (user_id, name, bio, password) VALUES ('james98','Gary James','Usu qui ea brute usu offendit .','R5Lj5mCBFuq3yQEp');
INSERT INTO users (user_id, name, bio, password) VALUES ('henry93','Ruth Henry','Usu qui ea brute usu offendit .','R5Lj5mCBFuq3yQEp');
INSERT INTO users (user_id, name, bio, password) VALUES ('allen72','Richard Allen','Usu qui ea brute usu offendit .','R5Lj5mCBFuq3yQEp');
INSERT INTO users (user_id, name, bio, password) VALUES ('campbe91','Michelle Campbell','Usu qui ea brute usu offendit .','R5Lj5mCBFuq3yQEp');
INSERT INTO users (user_id, name, bio, password) VALUES ('gonzal16','Nancy Gonzales','Usu qui ea brute usu offendit .','R5Lj5mCBFuq3yQEp');
INSERT INTO users (user_id, name, bio, password) VALUES ('jones98','Elizabeth Jones','Usu qui ea brute usu offendit .','R5Lj5mCBFuq3yQEp');
INSERT INTO users (user_id, name, bio, password) VALUES ('robert0','Janet Roberts','Usu qui ea brute usu offendit .','R5Lj5mCBFuq3yQEp');
INSERT INTO users (user_id, name, bio, password) VALUES ('wilson60','Joseph Wilson','Usu qui ea brute usu offendit .','R5Lj5mCBFuq3yQEp');
INSERT INTO users (user_id, name, bio, password) VALUES ('morgan93','Shirley Morgan','Usu qui ea brute usu offendit .','R5Lj5mCBFuq3yQEp');
INSERT INTO users (user_id, name, bio, password) VALUES ('brooks81','Lisa Brooks','Brute everti dolor modus modus modus sea ea eu .','EXLq461D2k');
INSERT INTO users (user_id, name, bio, password) VALUES ('bailey68','Matthew Bailey','Brute everti dolor modus modus modus sea ea eu .','EXLq461D2k');
INSERT INTO users (user_id, name, bio, password) VALUES ('sulliv30','Scott Sullivan','Brute everti dolor modus modus modus sea ea eu .','EXLq461D2k');
INSERT INTO users (user_id, name, bio, password) VALUES ('russel77','Brenda Russell','Brute everti dolor modus modus modus sea ea eu .','EXLq461D2k');
INSERT INTO users (user_id, name, bio, password) VALUES ('hill80','David Hill','Brute everti dolor modus modus modus sea ea eu .','EXLq461D2k');
INSERT INTO users (user_id, name, bio, password) VALUES ('alexan50','Deborah Alexander','Brute everti dolor modus modus modus sea ea eu .','EXLq461D2k');
INSERT INTO users (user_id, name, bio, password) VALUES ('sulliv14','Larry Sullivan','Brute everti dolor modus modus modus sea ea eu .','EXLq461D2k');
INSERT INTO users (user_id, name, bio, password) VALUES ('foster37','Marie Foster','Brute everti dolor modus modus modus sea ea eu .','EXLq461D2k');
INSERT INTO users (user_id, name, bio, password) VALUES ('turner17','Pamela Turner','Brute everti dolor modus modus modus sea ea eu .','EXLq461D2k');
INSERT INTO users (user_id, name, bio, password) VALUES ('ramire13','Dennis Ramirez','Brute everti dolor modus modus modus sea ea eu .','EXLq461D2k');
INSERT INTO users (user_id, name, bio, password) VALUES ('price65','Jennifer Price','Offendit periculis eu vel brute dolor eu sea .','8JVymAgz1');
INSERT INTO users (user_id, name, bio, password) VALUES ('hernan52','Linda Hernandez','Offendit periculis eu vel brute dolor eu sea .','8JVymAgz1');
INSERT INTO users (user_id, name, bio, password) VALUES ('jenkin76','Brenda Jenkins','Offendit periculis eu vel brute dolor eu sea .','8JVymAgz1');
INSERT INTO users (user_id, name, bio, password) VALUES ('ramire77','Shirley Ramirez','Offendit periculis eu vel brute dolor eu sea .','8JVymAgz1');
INSERT INTO users (user_id, name, bio, password) VALUES ('hall78','Anthony Hall','Offendit periculis eu vel brute dolor eu sea .','8JVymAgz1');
INSERT INTO users (user_id, name, bio, password) VALUES ('sander56','Jennifer Sanders','Offendit periculis eu vel brute dolor eu sea .','8JVymAgz1');
INSERT INTO users (user_id, name, bio, password) VALUES ('edward30','John Edwards','Offendit periculis eu vel brute dolor eu sea .','8JVymAgz1');
INSERT INTO users (user_id, name, bio, password) VALUES ('simmon59','Gary Simmons','Offendit periculis eu vel brute dolor eu sea .','8JVymAgz1');
INSERT INTO users (user_id, name, bio, password) VALUES ('morgan2','John Morgan','Offendit periculis eu vel brute dolor eu sea .','8JVymAgz1');
INSERT INTO users (user_id, name, bio, password) VALUES ('steven70','Jason Stevens','Offendit periculis eu vel brute dolor eu sea .','8JVymAgz1');

INSERT INTO projects (project_name, description, project_start_date) VALUES ('Google','Iudico ad periculis lorem ipsum . Ipsum vel ullamcorper brute cu sea qui everti enim ex . Periculis autem lorem cum utamur usu ut . Tamquam utamur velit cu offendit ius ius nemore cum amet .','2018-10-23');
INSERT INTO projects (project_name, description, project_start_date) VALUES ('Project-Collab','Periculis sea nemore autem ut utamur in enim sadipscing . Qui nemore ut usu reprehendunt . In diam autem velit elaboraret velit nemore periculis . Ex ullamcorper sit offendit enim cu lorem ipsum . Amet utamur tamquam sadipscing sea ex modus vel .','2018-10-23');
INSERT INTO projects (project_name, description, project_start_date) VALUES ('Snapchat','Elaboraret ipsum sea nemore legere periculis . Eu elaboraret eu lorem sit . Legere nemore eos modus cu lorem enim brute nemore nemore . Eos ipsum sea cum vel amet ex . Cu sea iudico sit eu .','2018-10-23');
INSERT INTO projects (project_name, description, project_start_date) VALUES ('Facebook','Soluta ius diam legere cu sea tamquam sadipscing ius . Ea iudico erant sea diam ex ea . Ei utamur ei ex diam . Ea velit usu enim ex cum . Nemore eu tamquam lorem ipsum .','2018-10-23');
INSERT INTO projects (project_name, description, project_start_date) VALUES ('DCS','Modus usu utamur eos ad diam . Offendit in elaboraret enim autem usu velit nemore reprehendunt elaboraret . In cum ius eu elaboraret eos . Elaboraret cu enim cum iudico elaboraret .','2018-10-23');
INSERT INTO projects (project_name, description, project_start_date) VALUES ('ta_feedback','Enim offendit modus eu sea eu offendit . Cu everti nemore enim diam utamur cu .','2018-10-23');
INSERT INTO projects (project_name, description, project_start_date) VALUES ('PCRS','Sea sadipscing enim vel enim sadipscing enim iudico utamur . Dolor cum brute sea elaboraret sea reprehendunt ei ullamcorper eu . Sea ius erant elaboraret sea vel . Amet ei usu soluta amet ea sea erant ullamcorper ullamcorper . Eu reprehendunt diam ex qui .','2018-10-23');

INSERT INTO user_associations (user_id, project_id) VALUES ('robins21',6);
INSERT INTO user_associations (user_id, project_id) VALUES ('jordan13',5);
INSERT INTO user_associations (user_id, project_id) VALUES ('robins27',6);
INSERT INTO user_associations (user_id, project_id) VALUES ('stewar48',6);
INSERT INTO user_associations (user_id, project_id) VALUES ('freema6',2);
INSERT INTO user_associations (user_id, project_id) VALUES ('parker87',6);
INSERT INTO user_associations (user_id, project_id) VALUES ('sulliv14',2);
INSERT INTO user_associations (user_id, project_id) VALUES ('barnes85',6);
INSERT INTO user_associations (user_id, project_id) VALUES ('freema76',7);
INSERT INTO user_associations (user_id, project_id) VALUES ('patter53',4);
INSERT INTO user_associations (user_id, project_id) VALUES ('wilson60',5);
INSERT INTO user_associations (user_id, project_id) VALUES ('hill80',4);
INSERT INTO user_associations (user_id, project_id) VALUES ('jones98',7);
INSERT INTO user_associations (user_id, project_id) VALUES ('barnes30',2);
INSERT INTO user_associations (user_id, project_id) VALUES ('martin56',5);
INSERT INTO user_associations (user_id, project_id) VALUES ('gibson17',3);
INSERT INTO user_associations (user_id, project_id) VALUES ('jenkin76',2);
INSERT INTO user_associations (user_id, project_id) VALUES ('taylor52',3);
INSERT INTO user_associations (user_id, project_id) VALUES ('marsha49',1);
INSERT INTO user_associations (user_id, project_id) VALUES ('allen72',6);
INSERT INTO user_associations (user_id, project_id) VALUES ('ramire77',4);
INSERT INTO user_associations (user_id, project_id) VALUES ('morgan2',3);
INSERT INTO user_associations (user_id, project_id) VALUES ('wright80',4);
INSERT INTO user_associations (user_id, project_id) VALUES ('reed48',1);
INSERT INTO user_associations (user_id, project_id) VALUES ('bailey97',1);
INSERT INTO user_associations (user_id, project_id) VALUES ('wallac8',3);
INSERT INTO user_associations (user_id, project_id) VALUES ('simmon59',3);
INSERT INTO user_associations (user_id, project_id) VALUES ('james98',4);
INSERT INTO user_associations (user_id, project_id) VALUES ('webb68',1);
INSERT INTO user_associations (user_id, project_id) VALUES ('henry65',6);
INSERT INTO user_associations (user_id, project_id) VALUES ('sulliv82',5);
INSERT INTO user_associations (user_id, project_id) VALUES ('bailey68',2);
INSERT INTO user_associations (user_id, project_id) VALUES ('butler65',5);
INSERT INTO user_associations (user_id, project_id) VALUES ('bailey60',6);
INSERT INTO user_associations (user_id, project_id) VALUES ('cox83',6);
INSERT INTO user_associations (user_id, project_id) VALUES ('thomps87',1);
INSERT INTO user_associations (user_id, project_id) VALUES ('hender69',2);
INSERT INTO user_associations (user_id, project_id) VALUES ('alexan50',3);
INSERT INTO user_associations (user_id, project_id) VALUES ('henry93',4);
INSERT INTO user_associations (user_id, project_id) VALUES ('gonzal40',7);
INSERT INTO user_associations (user_id, project_id) VALUES ('turner17',1);
INSERT INTO user_associations (user_id, project_id) VALUES ('price65',1);
INSERT INTO user_associations (user_id, project_id) VALUES ('barnes54',6);
INSERT INTO user_associations (user_id, project_id) VALUES ('campbe12',7);
INSERT INTO user_associations (user_id, project_id) VALUES ('tucker12',4);
INSERT INTO user_associations (user_id, project_id) VALUES ('steven70',3);
INSERT INTO user_associations (user_id, project_id) VALUES ('lewis20',1);
INSERT INTO user_associations (user_id, project_id) VALUES ('campbe91',7);
INSERT INTO user_associations (user_id, project_id) VALUES ('foster37',3);
INSERT INTO user_associations (user_id, project_id) VALUES ('edward30',3);
INSERT INTO user_associations (user_id, project_id) VALUES ('carter64',5);
INSERT INTO user_associations (user_id, project_id) VALUES ('gonzal16',7);
INSERT INTO user_associations (user_id, project_id) VALUES ('marsha33',1);
INSERT INTO user_associations (user_id, project_id) VALUES ('brooks81',2);
INSERT INTO user_associations (user_id, project_id) VALUES ('philli6',4);
INSERT INTO user_associations (user_id, project_id) VALUES ('baker51',5);
INSERT INTO user_associations (user_id, project_id) VALUES ('owens70',2);
INSERT INTO user_associations (user_id, project_id) VALUES ('murphy81',6);
INSERT INTO user_associations (user_id, project_id) VALUES ('webb85',7);
INSERT INTO user_associations (user_id, project_id) VALUES ('hunter59',1);
INSERT INTO user_associations (user_id, project_id) VALUES ('robert0',7);
INSERT INTO user_associations (user_id, project_id) VALUES ('adams76',6);
INSERT INTO user_associations (user_id, project_id) VALUES ('hernan52',3);
INSERT INTO user_associations (user_id, project_id) VALUES ('sander56',6);
INSERT INTO user_associations (user_id, project_id) VALUES ('morgan93',4);
INSERT INTO user_associations (user_id, project_id) VALUES ('bell78',3);
INSERT INTO user_associations (user_id, project_id) VALUES ('martin91',1);
INSERT INTO user_associations (user_id, project_id) VALUES ('hall78',6);
INSERT INTO user_associations (user_id, project_id) VALUES ('ward65',5);
INSERT INTO user_associations (user_id, project_id) VALUES ('robert34',7);
INSERT INTO user_associations (user_id, project_id) VALUES ('hender52',2);
INSERT INTO user_associations (user_id, project_id) VALUES ('wilson37',7);
INSERT INTO user_associations (user_id, project_id) VALUES ('steven53',7);
INSERT INTO user_associations (user_id, project_id) VALUES ('reed83',1);
INSERT INTO user_associations (user_id, project_id) VALUES ('alexan28',5);
INSERT INTO user_associations (user_id, project_id) VALUES ('russel77',4);
INSERT INTO user_associations (user_id, project_id) VALUES ('davis22',3);
INSERT INTO user_associations (user_id, project_id) VALUES ('jackso68',4);
INSERT INTO user_associations (user_id, project_id) VALUES ('lopez60',2);
INSERT INTO user_associations (user_id, project_id) VALUES ('ramire13',7);
INSERT INTO user_associations (user_id, project_id) VALUES ('thomas47',5);
INSERT INTO user_associations (user_id, project_id) VALUES ('lee29',3);
INSERT INTO user_associations (user_id, project_id) VALUES ('perry58',1);
INSERT INTO user_associations (user_id, project_id) VALUES ('gonzal82',3);
INSERT INTO user_associations (user_id, project_id) VALUES ('gibson63',6);
INSERT INTO user_associations (user_id, project_id) VALUES ('reynol18',5);
INSERT INTO user_associations (user_id, project_id) VALUES ('west7',4);
INSERT INTO user_associations (user_id, project_id) VALUES ('sulliv30',5);
INSERT INTO user_associations (user_id, project_id) VALUES ('rogers55',5);
INSERT INTO user_associations (user_id, project_id) VALUES ('green50',1);
INSERT INTO user_associations (user_id, project_id) VALUES ('torres37',3);
INSERT INTO user_associations (user_id, project_id) VALUES ('hicks50',2);
INSERT INTO user_associations (user_id, project_id) VALUES ('turner59',2);
INSERT INTO user_associations (user_id, project_id) VALUES ('cox53',3);
INSERT INTO user_associations (user_id, project_id) VALUES ('foster36',5);
INSERT INTO user_associations (user_id, project_id) VALUES ('rivera17',7);
INSERT INTO user_associations (user_id, project_id) VALUES ('sanche44',1);
INSERT INTO user_associations (user_id, project_id) VALUES ('bell93',3);
INSERT INTO user_associations (user_id, project_id) VALUES ('bryant93',7);
INSERT INTO user_associations (user_id, project_id) VALUES ('ross95',6);
